sm util, unet time, post time
10,2.2962164878845216,0.09815974235534668
10,3.6650359630584717,0.16331696510314941
10,5.202229118347168,0.22839021682739258
10,6.301518201828003,0.2989211559295654
10,8.0410945892334,0.3569521427154541
10,10.042387390136719,0.4204536437988281
10,13.017666625976563,0.4854074001312256
10,13.30927062034607,0.5446215152740479
10,14.791685342788696,0.6296418190002442
10,15.50054702758789,0.659259557723999
