sm util, unet time, post time
10,3.021737003326416,0.07475357055664063
10,4.311126232147217,0.12698349952697754
10,5.439466905593872,0.17877354621887206
10,6.7313477993011475,0.2249692916870117
10,8.065228462219238,0.2771050453186035
10,9.355495357513428,0.32312541007995604
10,11.048610258102418,0.3746209144592285
10,12.170833158493043,0.4362036228179932
10,13.353030443191528,0.4914082527160645
10,14.74367914199829,0.5340963363647461
