sm util, unet time, post time
10,2.5788071155548096,0.1504587173461914
10,5.152210903167725,0.297182559967041
10,8.39053463935852,0.4144908428192139
10,10.518006849288941,0.531812047958374
10,12.56556749343872,0.6550949573516845
10,15.634672689437867,0.8225002765655518
10,20.86608214378357,0.9074370384216308
10,22.029153680801393,1.0283682346343994
