sm util, unet time, post time
10,4.28014988899231,0.13175325393676757
10,6.660976362228394,0.23607444763183594
10,9.116236209869385,0.32952728271484377
10,11.844178390502929,0.422442102432251
10,14.042595100402831,0.5159458637237548
10,16.6912278175354,0.6104453563690185
10,19.03049702644348,0.70510892868042
10,22.232554292678834,0.8003180027008057
